hour,1,8000,8000
hour,100000,80000,200000
hour,1000000,800000,800000
hour,12000000,9600000,9600000
hour,12345,10000,24500
hour,123457,99000,246500
hour,12347,10000,24500
hour,15750,13000,31500
hour,1750905,1401000,1401000
hour,18000,14500,36000
hour,180000,144000,250000
hour,1999,8000,8000
hour,199999,160000,250000
hour,20000,16000,40000
hour,2000000,1600000,1600000
hour,250000,200000,250000
hour,250001,200500,250000
hour,2950000,2360000,2360000
hour,3000000,2400000,2400000
hour,30000000,24000000,24000000
hour,33333,27000,66500
hour,333333,267000,267000
hour,39999,32000,79500
hour,40000,32000,80000
hour,45500,36500,91000
hour,49999999,40000000,40000000
hour,500,8000,8000
hour,5000,8000,10000
hour,50000000,40000000,40000000
hour,5555555,4444500,4444500
hour,7999,8000,15500
hour,8000,8000,16000
hour,8001,8000,16000
hour,9000,8000,18000
hour,99999,80000,199500
hour,999999,800000,800000
month,1,500000,500000
month,100000,500000,500000
month,1000000,800000,2000000
month,12000000,9600000,24000000
month,12345,500000,500000
month,123457,500000,500000
month,12347,500000,500000
month,15750,500000,500000
month,1750905,1401000,3501500
month,18000,500000,500000
month,180000,500000,500000
month,1999,500000,500000
month,199999,500000,500000
month,20000,500000,500000
month,2000000,1600000,4000000
month,250000,500000,500000
month,250001,500000,500000
month,2950000,2360000,5900000
month,3000000,2400000,6000000
month,30000000,24000000,30000000
month,33333,500000,500000
month,333333,500000,666500
month,39999,500000,500000
month,40000,500000,500000
month,45500,500000,500000
month,49999999,40000000,40000000
month,500,500000,500000
month,5000,500000,500000
month,50000000,40000000,40000000
month,5555555,4444500,11111000
month,7999,500000,500000
month,8000,500000,500000
month,8001,500000,500000
month,9000,500000,500000
month,99999,500000,500000
month,999999,800000,1999500
package,1,50000,50000
package,100000,80000,200000
package,1000000,800000,2000000
package,12000000,9600000,24000000
package,12345,50000,50000
package,123457,99000,246500
package,12347,50000,50000
package,15750,50000,50000
package,1750905,1401000,3501500
package,18000,50000,50000
package,180000,144000,360000
package,1999,50000,50000
package,199999,160000,399500
package,20000,50000,50000
package,2000000,1600000,4000000
package,250000,200000,500000
package,250001,200500,500000
package,2950000,2360000,5900000
package,3000000,2400000,6000000
package,30000000,24000000,50000000
package,33333,50000,66500
package,333333,267000,666500
package,39999,50000,79500
package,40000,50000,80000
package,45500,50000,91000
package,49999999,40000000,50000000
package,500,50000,50000
package,5000,50000,50000
package,50000000,40000000,50000000
package,5555555,4444500,11111000
package,7999,50000,50000
package,8000,50000,50000
package,8001,50000,50000
package,9000,50000,50000
package,99999,80000,199500
package,999999,800000,1999500
shift,1,40000,40000
shift,100000,80000,200000
shift,1000000,800000,2000000
shift,12000000,9600000,9600000
shift,12345,40000,40000
shift,123457,99000,246500
shift,12347,40000,40000
shift,15750,40000,40000
shift,1750905,1401000,3000000
shift,18000,40000,40000
shift,180000,144000,360000
shift,1999,40000,40000
shift,199999,160000,399500
shift,20000,40000,40000
shift,2000000,1600000,3000000
shift,250000,200000,500000
shift,250001,200500,500000
shift,2950000,2360000,3000000
shift,3000000,2400000,3000000
shift,30000000,24000000,24000000
shift,33333,40000,66500
shift,333333,267000,666500
shift,39999,40000,79500
shift,40000,40000,80000
shift,45500,40000,91000
shift,49999999,40000000,40000000
shift,500,40000,40000
shift,5000,40000,40000
shift,50000000,40000000,40000000
shift,5555555,4444500,4444500
shift,7999,40000,40000
shift,8000,40000,40000
shift,8001,40000,40000
shift,9000,40000,40000
shift,99999,80000,199500
shift,999999,800000,1999500
